,loss,decoder_loss,decoder_1_loss,decoder_2_loss,val_loss,val_decoder_loss,val_decoder_1_loss,val_decoder_2_loss
0,4.1651835441589355,0.7540748119354248,0.7731631398200989,2.637946844100952,0.08196326345205307,0.02069322019815445,0.020339621230959892,0.04093041270971298
1,0.08042848855257034,0.02003921940922737,0.02022554911673069,0.040163733065128326,0.08196326345205307,0.02069322019815445,0.020339621230959892,0.04093041270971298
2,0.08042851835489273,0.02003922127187252,0.02022555284202099,0.040163733065128326,0.08196326345205307,0.02069322019815445,0.020339621230959892,0.04093041270971298
3,0.08042846620082855,0.020039217546582222,0.02022554911673069,0.04016372561454773,0.08196326345205307,0.02069322019815445,0.020339621230959892,0.04093041270971298
4,0.08042850345373154,0.02003921940922737,0.02022555284202099,0.04016371816396713,0.08196326345205307,0.02069322019815445,0.020339621230959892,0.04093041270971298
5,0.08042849600315094,0.02003922313451767,0.02022555097937584,0.04016371816396713,0.08196326345205307,0.02069322019815445,0.020339621230959892,0.04093041270971298
6,0.08042851090431213,0.02003922313451767,0.02022554539144039,0.04016371816396713,0.08196326345205307,0.02069322019815445,0.020339621230959892,0.04093041270971298
