,loss,decoder_loss,decoder_1_loss,decoder_2_loss,val_loss,val_decoder_loss,val_decoder_1_loss,val_decoder_2_loss
0,0.626656711101532,0.1260109394788742,0.12995874881744385,0.3706868290901184,0.08196325600147247,0.02069322019815445,0.020339621230959892,0.04093042016029358
1,0.08042848855257034,0.020039217546582222,0.020225543528795242,0.04016372188925743,0.08196325600147247,0.02069322019815445,0.020339621230959892,0.04093042016029358
2,0.08042851090431213,0.02003922127187252,0.02022554539144039,0.04016372933983803,0.08196325600147247,0.02069322019815445,0.020339621230959892,0.04093042016029358
3,0.08042850345373154,0.020039215683937073,0.02022555284202099,0.04016372188925743,0.08196325600147247,0.02069322019815445,0.020339621230959892,0.04093042016029358
4,0.08042850345373154,0.02003922313451767,0.02022555097937584,0.04016372561454773,0.08196325600147247,0.02069322019815445,0.020339621230959892,0.04093042016029358
5,0.08042850345373154,0.02003922127187252,0.02022554725408554,0.040163733065128326,0.08196325600147247,0.02069322019815445,0.020339621230959892,0.04093042016029358
6,0.08042848855257034,0.02003921940922737,0.02022555097937584,0.04016372933983803,0.08196325600147247,0.02069322019815445,0.020339621230959892,0.04093042016029358
